Company,Job Title
Atlassian,"Engineering Manager, Bengaluru"
Atlassian,"Product Manager, Melbourne"
Atlassian,"Senior Software Engineer, Hamilton"
Atlassian,"Cloud Support Manager, Pune"
Atlassian,"Software Engineer, Adelaide"
Atlassian,"Principal Engineer, Bengaluru"
Atlassian,"Cloud Senior Support Engineer, Amsterdam"
Atlassian,"Senior Software Engineer, St. Louis"
Atlassian,"Principal Engineer, Berlin"
Atlassian,"Senior Customer Success Manager, Washington"
Adobe,"Software Development Manager, Bucharest, Romania"
Adobe,"Enterprise Sales Account Manager, London"
Adobe,"Product Marketing Manager, Creative Cloud, McLean, Virginia, USA"
ServiceNow,"AI, Engineering, & Product"
ServiceNow,Forward Deployed Solution Engineer – Applied AI FDE
ServiceNow,Forward Deployed Engineering- Build Manager
SAP,Developer
PhonePe,Software Development Engineer
PhonePe,"Senior Product Design Manager, UX Design"
PhonePe,Engineering
Postman,DevOps
Postman,Forbes Cloud 100
Postman,AI Engineer
Postman,Developer Productivity
Postman,AI Engineer is ready to help
Razorpay,Forbes Global Cloud 100 2021 List
Harness,Internal Developer Portal
Harness,Database DevOps
Harness,Senior Software Engineer II
Harness,Principal Product Manager
Harness,Engineering
Harness,For Developers
Harness,Engineering Maturity Assessment
Harness,DevOps & Automation
Harness,"Optimize cloud spend, resource utilization, and developer productivity."
Harness,Engineering Blog
Harness,AI for DevOps & Automation
Harness,Cloud & AI Cost Management
Harness,Developer
Harness,Developer Hub
Harness,DevOps Academy
Harness,Careers at Harness — Join the AI-Native DevOps Team
Harness,Accelerate innovation velocity with a modern DevOps toolchain.
